gur_id,imo,file,status,is_placeholder
1575,9408683,vessel_thumbs/9408683.jpg,ok,False
1573,9224453,vessel_thumbs/9224453.jpg,ok,False
1571,9296195,vessel_thumbs/9296195.jpg,ok,False
1547,9275995,vessel_thumbs/9275995.jpg,ok,False
1535,9288356,vessel_thumbs/9288356.jpg,ok,False
1531,9298272,vessel_thumbs/9298272.jpg,ok,False
1522,9334569,vessel_thumbs/9334569.jpg,ok,False
1521,9365386,vessel_thumbs/9365386.jpg,ok,False
1514,9304605,vessel_thumbs/9304605.jpg,ok,False
1506,9248813,vessel_thumbs/9248813.jpg,ok,False
1505,9232876,vessel_thumbs/9232876.jpg,ok,False
1501,9318096,vessel_thumbs/9318096.jpg,ok,False
1,9179854,vessel_thumbs/9179854.jpg,ok,False
12,8318130,vessel_thumbs/8318130.jpg,ok,False
27,9267297,vessel_thumbs/9267297.jpg,ok,False
33,9179842,vessel_thumbs/9179842.jpg,ok,False
35,9366110,vessel_thumbs/9366110.jpg,ok,False
54,8714695,vessel_thumbs/8714695.jpg,ok,False
55,8318740,vessel_thumbs/8318740.jpg,ok,False
56,8517839,vessel_thumbs/8517839.jpg,ok,False
58,9198226,vessel_thumbs/9198226.jpg,ok,False
59,9082142,vessel_thumbs/9082142.jpg,ok,False
60,8700010,vessel_thumbs/8700010.jpg,ok,False
62,9083196,vessel_thumbs/9083196.jpg,ok,False
64,9349289,vessel_thumbs/9349289.jpg,ok,False
65,9220641,vessel_thumbs/9220641.jpg,ok,False
66,9161003,vessel_thumbs/9161003.jpg,ok,False
67,9358010,vessel_thumbs/9358010.jpg,ok,False
70,9481881,vessel_thumbs/9481881.jpg,ok,False
71,8861058,vessel_thumbs/8861058.jpg,ok,False
73,8866591,vessel_thumbs/8866591.jpg,ok,False
107,8502080,vessel_thumbs/8502080.jpg,ok,False
124,9250385,vessel_thumbs/9250385.jpg,ok,False
132,7612448,vessel_thumbs/7612448.jpg,ok,False
150,9347061,vessel_thumbs/9347061.jpg,ok,False
193,9159921,vessel_thumbs/9159921.jpg,ok,False
209,9160994,vessel_thumbs/9160994.jpg,ok,False
210,8807416,vessel_thumbs/8807416.jpg,ok,False
211,8814354,vessel_thumbs/8814354.jpg,ok,False
212,9268710,vessel_thumbs/9268710.jpg,ok,False
213,9538892,vessel_thumbs/9538892.jpg,ok,False
214,9743033,vessel_thumbs/9743033.jpg,ok,False
218,8858087,vessel_thumbs/8858087.jpg,ok,False
282,8846814,vessel_thumbs/8846814.jpg,ok,False
283,8943210,vessel_thumbs/8943210.jpg,ok,False
284,8889385,vessel_thumbs/8889385.jpg,ok,False
313,8647866,vessel_thumbs/8647866.jpg,ok,False
315,9481910,vessel_thumbs/9481910.jpg,ok,False
324,9103817,vessel_thumbs/9103817.jpg,ok,False
325,9481934,vessel_thumbs/9481934.jpg,ok,False
326,8606616,vessel_thumbs/8606616.jpg,ok,False
337,8926913,vessel_thumbs/8926913.jpg,ok,False
338,8422670,vessel_thumbs/8422670.jpg,ok,False
339,8422682,vessel_thumbs/8422682.jpg,ok,False
340,8951413,vessel_thumbs/8951413.jpg,ok,False
372,8946389,vessel_thumbs/8946389.jpg,ok,False
373,9931226,vessel_thumbs/9931226.jpg,ok,False
1128,8920945,vessel_thumbs/8920945.jpg,ok,False
1134,,vessel_thumbs/gid1134.jpg,ok,False
2,8227238,vessel_thumbs/8227238.jpg,ok,False
3,8770261,vessel_thumbs/8770261.jpg,ok,False
4,9741724,vessel_thumbs/9741724.jpg,ok,False
5,9889198,vessel_thumbs/9889198.jpg,ok,False
24,8711306,vessel_thumbs/8711306.jpg,ok,False
25,9243801,vessel_thumbs/9243801.jpg,ok,False
26,9278600,vessel_thumbs/9278600.jpg,ok,False
28,9433286,vessel_thumbs/9433286.jpg,ok,False
29,9368340,vessel_thumbs/9368340.jpg,ok,False
30,9081370,vessel_thumbs/9081370.jpg,ok,False
31,9243825,vessel_thumbs/9243825.jpg,ok,False
32,7741108,vessel_thumbs/7741108.jpg,ok,False
34,9228980,vessel_thumbs/9228980.jpg,ok,False
57,9747194,vessel_thumbs/9747194.jpg,ok,False
74,9759666,vessel_thumbs/9759666.jpg,ok,False
75,9780940,vessel_thumbs/9780940.jpg,ok,False
76,9906544,vessel_thumbs/9906544.jpg,ok,False
77,9190107,vessel_thumbs/9190107.jpg,ok,False
78,9691785,vessel_thumbs/9691785.jpg,ok,False
79,9849423,vessel_thumbs/9849423.jpg,ok,False
80,9849435,vessel_thumbs/9849435.jpg,ok,False
81,9849459,vessel_thumbs/9849459.jpg,ok,False
82,9849461,vessel_thumbs/9849461.jpg,ok,False
83,9849473,vessel_thumbs/9849473.jpg,ok,False
84,9851103,vessel_thumbs/9851103.jpg,ok,False
85,9851115,vessel_thumbs/9851115.jpg,ok,False
86,9851127,vessel_thumbs/9851127.jpg,ok,False
87,9888792,vessel_thumbs/9888792.jpg,ok,False
88,9888807,vessel_thumbs/9888807.jpg,ok,False
89,9897705,vessel_thumbs/9897705.jpg,ok,False
90,9897690,vessel_thumbs/9897690.jpg,ok,False
91,9903827,vessel_thumbs/9903827.jpg,ok,False
92,9903839,vessel_thumbs/9903839.jpg,ok,False
93,9903841,vessel_thumbs/9903841.jpg,ok,False
94,9903853,vessel_thumbs/9903853.jpg,ok,False
95,9903865,vessel_thumbs/9903865.jpg,ok,False
96,9903877,vessel_thumbs/9903877.jpg,ok,False
97,9763837,vessel_thumbs/9763837.jpg,ok,False
98,9763849,vessel_thumbs/9763849.jpg,ok,False
134,8406573,vessel_thumbs/8406573.jpg,ok,False
152,8826230,vessel_thumbs/8826230.jpg,ok,False
153,8724482,vessel_thumbs/8724482.jpg,ok,False
168,9904546,vessel_thumbs/9904546.jpg,ok,False
169,9904687,vessel_thumbs/9904687.jpg,ok,False
170,9904675,vessel_thumbs/9904675.jpg,ok,False
171,9904699,vessel_thumbs/9904699.jpg,ok,False
172,9904704,,failed,False
173,9918779,,failed,False
174,9918781,,failed,False
177,8909331,vessel_thumbs/8909331.jpg,ok,False
178,7423275,vessel_thumbs/7423275.jpg,ok,False
179,8909329,vessel_thumbs/8909329.jpg,ok,False
180,9912696,vessel_thumbs/9912696.jpg,ok,False
181,9830769,vessel_thumbs/9830769.jpg,ok,False
182,9934498,vessel_thumbs/9934498.jpg,ok,False
186,9915105,vessel_thumbs/9915105.jpg,ok,False
187,9915090,vessel_thumbs/9915090.jpg,ok,False
188,9142588,vessel_thumbs/9142588.jpg,ok,False
189,9358034,vessel_thumbs/9358034.jpg,ok,False
190,9246140,vessel_thumbs/9246140.jpg,ok,False
191,9242986,vessel_thumbs/9242986.jpg,ok,False
192,9255402,vessel_thumbs/9255402.jpg,ok,False
194,9118355,vessel_thumbs/9118355.jpg,ok,False
195,9190286,vessel_thumbs/9190286.jpg,ok,False
196,8714657,vessel_thumbs/8714657.jpg,ok,False
197,9190274,vessel_thumbs/9190274.jpg,ok,False
198,9179385,vessel_thumbs/9179385.jpg,ok,False
199,8330516,vessel_thumbs/8330516.jpg,ok,False
200,8728543,vessel_thumbs/8728543.jpg,ok,False
201,8857667,vessel_thumbs/8857667.jpg,ok,False
226,8834691,vessel_thumbs/8834691.jpg,ok,False
227,9187514,vessel_thumbs/9187514.jpg,ok,False
228,8504923,vessel_thumbs/8504923.jpg,ok,False
229,8409032,vessel_thumbs/8409032.jpg,ok,False
230,8408985,vessel_thumbs/8408985.jpg,ok,False
232,9797577,vessel_thumbs/9797577.jpg,ok,False
233,9572020,vessel_thumbs/9572020.jpg,ok,False
234,9272412,vessel_thumbs/9272412.jpg,ok,False
235,9624213,vessel_thumbs/9624213.jpg,ok,False
236,8724080,vessel_thumbs/8724080.jpg,ok,False
237,9396854,vessel_thumbs/9396854.jpg,ok,False
238,9682423,vessel_thumbs/9682423.jpg,ok,False
239,9171876,vessel_thumbs/9171876.jpg,ok,False
240,9624225,vessel_thumbs/9624225.jpg,ok,False
241,9157820,vessel_thumbs/9157820.jpg,ok,False
242,9497531,vessel_thumbs/9497531.jpg,ok,False
243,9171620,vessel_thumbs/9171620.jpg,ok,False
244,9310018,vessel_thumbs/9310018.jpg,ok,False
245,9338230,vessel_thumbs/9338230.jpg,ok,False
247,8674156,vessel_thumbs/8674156.jpg,ok,False
308,9324277,vessel_thumbs/9324277.jpg,ok,False
365,9750658,vessel_thumbs/9750658.jpg,ok,False
371,9750660,vessel_thumbs/9750660.jpg,ok,False
415,9778313,vessel_thumbs/9778313.jpg,ok,False
417,9817315,vessel_thumbs/9817315.jpg,ok,False
418,9804033,vessel_thumbs/9804033.jpg,ok,False
589,1021570,vessel_thumbs/1021570.jpg,ok,False
599,9372559,vessel_thumbs/9372559.jpg,ok,False
619,9372561,vessel_thumbs/9372561.jpg,ok,False
648,9613551,vessel_thumbs/9613551.jpg,ok,False
659,9201994,vessel_thumbs/9201994.jpg,ok,False
667,8730077,vessel_thumbs/8730077.jpg,ok,False
668,9753739,vessel_thumbs/9753739.jpg,ok,False
675,9753741,vessel_thumbs/9753741.jpg,ok,False
682,9742120,vessel_thumbs/9742120.jpg,ok,False
703,9217979,vessel_thumbs/9217979.jpg,ok,False
707,9167930,vessel_thumbs/9167930.jpg,ok,False
722,9653070,vessel_thumbs/9653070.jpg,ok,False
723,9335678,vessel_thumbs/9335678.jpg,ok,False
724,9335680,vessel_thumbs/9335680.jpg,ok,False
725,9335692,vessel_thumbs/9335692.jpg,ok,False
726,9307724,vessel_thumbs/9307724.jpg,ok,False
727,9752084,vessel_thumbs/9752084.jpg,ok,False
728,9759939,vessel_thumbs/9759939.jpg,ok,False
729,9752096,vessel_thumbs/9752096.jpg,ok,False
730,9752101,vessel_thumbs/9752101.jpg,ok,False
731,9759927,vessel_thumbs/9759927.jpg,ok,False
732,9759915,vessel_thumbs/9759915.jpg,ok,False
735,9753727,vessel_thumbs/9753727.jpg,ok,False
741,9817779,vessel_thumbs/9817779.jpg,ok,False
749,9613549,vessel_thumbs/9613549.jpg,ok,False
751,9538115,vessel_thumbs/9538115.jpg,ok,False
752,9804057,vessel_thumbs/9804057.jpg,ok,False
923,8813087,vessel_thumbs/8813087.jpg,ok,False
974,9451642,vessel_thumbs/9451642.jpg,ok,False
994,9638197,vessel_thumbs/9638197.jpg,ok,False
1131,8743763,vessel_thumbs/8743763.jpg,ok,False
1453,9750672,vessel_thumbs/9750672.jpg,ok,False
1454,9750713,vessel_thumbs/9750713.jpg,ok,False
1455,9750725,vessel_thumbs/9750725.jpg,ok,False
1456,9750696,vessel_thumbs/9750696.jpg,ok,False
1457,9750749,vessel_thumbs/9750749.jpg,ok,False
1458,9750701,vessel_thumbs/9750701.jpg,ok,False
1459,9750737,vessel_thumbs/9750737.jpg,ok,False
1516,7524419,vessel_thumbs/7524419.jpg,ok,False
1517,9912701,vessel_thumbs/9912701.jpg,ok,False
6,9940186,vessel_thumbs/9940186.jpg,ok,False
13,9945124,vessel_thumbs/9945124.jpg,ok,False
15,9868807,vessel_thumbs/9868807.jpg,ok,False
17,9942392,vessel_thumbs/9942392.jpg,ok,False
18,9900514,vessel_thumbs/9900514.jpg,ok,False
19,9922110,vessel_thumbs/9922110.jpg,ok,False
20,9921996,vessel_thumbs/9921996.jpg,ok,False
21,9945136,vessel_thumbs/9945136.jpg,ok,False
23,1011159,vessel_thumbs/1011159.jpg,ok,False
102,9287699,vessel_thumbs/9287699.jpg,ok,False
103,9277412,vessel_thumbs/9277412.jpg,ok,False
131,1011331,vessel_thumbs/1011331.jpg,ok,False
135,9661792,vessel_thumbs/9661792.jpg,ok,False
151,9829394,vessel_thumbs/9829394.jpg,ok,False
175,1011551,vessel_thumbs/1011551.jpg,ok,False
176,1006960,vessel_thumbs/1006960.jpg,ok,False
207,9594339,vessel_thumbs/9594339.jpg,ok,False
219,RS 150443,vessel_thumbs/RS 150443.jpg,ok,False
220,RS 130280,vessel_thumbs/RS 130280.jpg,ok,False
222,1011202,vessel_thumbs/1011202.jpg,ok,False
246,,vessel_thumbs/gid246.jpg,ok,False
255,1010648,vessel_thumbs/1010648.jpg,ok,False
714,9620633,vessel_thumbs/9620633.jpg,ok,False
715,9673202,vessel_thumbs/9673202.jpg,ok,False
721,9653068,vessel_thumbs/9653068.jpg,ok,False
737,9678238,vessel_thumbs/9678238.jpg,ok,False
816,8710730,vessel_thumbs/8710730.jpg,ok,False
821,9179921,vessel_thumbs/9179921.jpg,ok,False
822,8106109,vessel_thumbs/8106109.jpg,ok,False
1153,9228538,vessel_thumbs/9228538.jpg,ok,False
1154,9088524,vessel_thumbs/9088524.jpg,ok,False
1155,9303754,vessel_thumbs/9303754.jpg,ok,False
1157,9241487,vessel_thumbs/9241487.jpg,ok,False
1158,9307047,vessel_thumbs/9307047.jpg,ok,False
1162,9554834,vessel_thumbs/9554834.jpg,ok,False
1165,9553957,vessel_thumbs/9553957.jpg,ok,False
1166,9554822,vessel_thumbs/9554822.jpg,ok,False
1168,9571052,vessel_thumbs/9571052.jpg,ok,False
1268,9259408,vessel_thumbs/9259408.jpg,ok,False
1269,9122473,vessel_thumbs/9122473.jpg,ok,False
1271,9348493,vessel_thumbs/9348493.jpg,ok,False
1272,9354167,vessel_thumbs/9354167.jpg,ok,False
1274,9330501,vessel_thumbs/9330501.jpg,ok,False
1275,9292151,vessel_thumbs/9292151.jpg,ok,False
1276,9400112,vessel_thumbs/9400112.jpg,ok,False
1277,9302566,vessel_thumbs/9302566.jpg,ok,False
1278,9307023,vessel_thumbs/9307023.jpg,ok,False
1279,9236652,vessel_thumbs/9236652.jpg,ok,False
1280,9719862,vessel_thumbs/9719862.jpg,ok,False
1281,9436484,vessel_thumbs/9436484.jpg,ok,False
1282,9237084,vessel_thumbs/9237084.jpg,ok,False
1283,9246322,vessel_thumbs/9246322.jpg,ok,False
1284,9415844,vessel_thumbs/9415844.jpg,ok,False
1286,9307009,vessel_thumbs/9307009.jpg,ok,False
1287,9313242,vessel_thumbs/9313242.jpg,ok,False
1591,9892963,vessel_thumbs/9892963.jpg,ok,False
1619,9356969,vessel_thumbs/9356969.jpg,ok,False
7,9924340,vessel_thumbs/9924340.jpg,ok,False
8,9924352,vessel_thumbs/9924352.jpg,ok,False
14,9922122,vessel_thumbs/9922122.jpg,ok,False
16,9922134,vessel_thumbs/9922134.jpg,ok,False
61,9083330,vessel_thumbs/9083330.jpg,ok,False
118,8904379,vessel_thumbs/8904379.jpg,ok,False
123,9210359,vessel_thumbs/9210359.jpg,ok,False
126,9398046,vessel_thumbs/9398046.jpg,ok,False
127,9376440,vessel_thumbs/9376440.jpg,ok,False
130,9210256,vessel_thumbs/9210256.jpg,ok,False
136,9079169,vessel_thumbs/9079169.jpg,ok,False
141,9239458,vessel_thumbs/9239458.jpg,ok,False
205,9203710,vessel_thumbs/9203710.jpg,ok,False
206,9482926,vessel_thumbs/9482926.jpg,ok,False
224,8315499,vessel_thumbs/8315499.jpg,ok,False
256,9385233,vessel_thumbs/9385233.jpg,ok,False
257,9274331,vessel_thumbs/9274331.jpg,ok,False
258,9274343,vessel_thumbs/9274343.jpg,ok,False
285,8611221,vessel_thumbs/8611221.jpg,ok,False
286,8204119,vessel_thumbs/8204119.jpg,ok,False
287,8948167,vessel_thumbs/8948167.jpg,ok,False
288,7919781,vessel_thumbs/7919781.jpg,ok,False
289,9720263,vessel_thumbs/9720263.jpg,ok,False
290,9715270,vessel_thumbs/9715270.jpg,ok,False
291,9419084,vessel_thumbs/9419084.jpg,ok,False
294,9431977,vessel_thumbs/9431977.jpg,ok,False
301,9550137,vessel_thumbs/9550137.jpg,ok,False
303,9385879,vessel_thumbs/9385879.jpg,ok,False
304,9515539,vessel_thumbs/9515539.jpg,ok,False
305,9574195,vessel_thumbs/9574195.jpg,ok,False
306,9573816,vessel_thumbs/9573816.jpg,ok,False
310,9296781,vessel_thumbs/9296781.jpg,ok,False
312,9114476,vessel_thumbs/9114476.jpg,ok,False
314,9077563,vessel_thumbs/9077563.jpg,ok,False
316,8326058,vessel_thumbs/8326058.jpg,ok,False
317,8521880,vessel_thumbs/8521880.jpg,ok,False
319,8407230,vessel_thumbs/8407230.jpg,ok,False
320,9136785,vessel_thumbs/9136785.jpg,ok,False
321,8226428,vessel_thumbs/8226428.jpg,ok,False
322,8602957,vessel_thumbs/8602957.jpg,ok,False
343,9085443,vessel_thumbs/9085443.jpg,ok,False
344,9045601,vessel_thumbs/9045601.jpg,ok,False
345,8933203,vessel_thumbs/8933203.jpg,ok,False
346,9245263,vessel_thumbs/9245263.jpg,ok,False
348,8326060,vessel_thumbs/8326060.jpg,ok,False
349,8620014,vessel_thumbs/8620014.jpg,ok,False
350,9915650,vessel_thumbs/9915650.jpg,ok,False
357,8230077,vessel_thumbs/8230077.jpg,ok,False
358,8721272,vessel_thumbs/8721272.jpg,ok,False
359,8959166,vessel_thumbs/8959166.jpg,ok,False
360,8875530,vessel_thumbs/8875530.jpg,ok,False
361,8866321,vessel_thumbs/8866321.jpg,ok,False
362,8729195,vessel_thumbs/8729195.jpg,ok,False
364,9101637,vessel_thumbs/9101637.jpg,ok,False
366,8959219,vessel_thumbs/8959219.jpg,ok,False
367,8946377,vessel_thumbs/8946377.jpg,ok,False
368,9254575,vessel_thumbs/9254575.jpg,ok,False
370,8951255,vessel_thumbs/8951255.jpg,ok,False
439,8902474,vessel_thumbs/8902474.jpg,ok,False
440,9874789,vessel_thumbs/9874789.jpg,ok,False
441,9917983,vessel_thumbs/9917983.jpg,ok,False
442,8033132,vessel_thumbs/8033132.jpg,ok,False
443,8943416,vessel_thumbs/8943416.jpg,ok,False
642,9109861,vessel_thumbs/9109861.jpg,ok,False
856,8878374,vessel_thumbs/8878374.jpg,ok,False
880,9868821,vessel_thumbs/9868821.jpg,ok,False
881,8932302,vessel_thumbs/8932302.jpg,ok,False
882,8728048,vessel_thumbs/8728048.jpg,ok,False
883,8935407,vessel_thumbs/8935407.jpg,ok,False
884,8332796,vessel_thumbs/8332796.jpg,ok,False
885,8957132,vessel_thumbs/8957132.jpg,ok,False
886,9481738,vessel_thumbs/9481738.jpg,ok,False
887,8936798,vessel_thumbs/8936798.jpg,ok,False
888,8943478,vessel_thumbs/8943478.jpg,ok,False
889,8853570,vessel_thumbs/8853570.jpg,ok,False
890,8873336,vessel_thumbs/8873336.jpg,ok,False
891,8989214,vessel_thumbs/8989214.jpg,ok,False
892,8897198,vessel_thumbs/8897198.jpg,ok,False
893,8230522,vessel_thumbs/8230522.jpg,ok,False
1072,7943287,vessel_thumbs/7943287.jpg,ok,False
1080,9454125,vessel_thumbs/9454125.jpg,ok,False
1087,9549281,vessel_thumbs/9549281.jpg,ok,False
1088,7005554,vessel_thumbs/7005554.jpg,ok,False
1122,1041348,vessel_thumbs/1041348.jpg,ok,False
1127,8877253,vessel_thumbs/8877253.jpg,ok,False
1129,9077575,vessel_thumbs/9077575.jpg,ok,False
1132,1059979,vessel_thumbs/1059979.jpg,ok,False
1136,8719425,vessel_thumbs/8719425.jpg,ok,False
1137,9143611,vessel_thumbs/9143611.jpg,ok,False
1139,9598880,vessel_thumbs/9598880.jpg,ok,False
1140,7945869,vessel_thumbs/7945869.jpg,ok,False
1141,8841656,vessel_thumbs/8841656.jpg,ok,False
1142,8230443,vessel_thumbs/8230443.jpg,ok,False
1143,8230510,vessel_thumbs/8230510.jpg,ok,False
1337,8611219,vessel_thumbs/8611219.jpg,ok,False
1338,9132480,vessel_thumbs/9132480.jpg,ok,False
1339,9100190,vessel_thumbs/9100190.jpg,ok,False
1340,9493224,vessel_thumbs/9493224.jpg,ok,False
1341,9365415,vessel_thumbs/9365415.jpg,ok,False
1342,9367164,vessel_thumbs/9367164.jpg,ok,False
1379,8919879,vessel_thumbs/8919879.jpg,ok,False
9,9300348,vessel_thumbs/9300348.jpg,ok,False
10,9300350,vessel_thumbs/9300350.jpg,ok,False
11,9313589,vessel_thumbs/9313589.jpg,ok,False
22,9349291,vessel_thumbs/9349291.jpg,ok,False
63,8606628,vessel_thumbs/8606628.jpg,ok,False
110,9279422,vessel_thumbs/9279422.jpg,ok,False
122,9216482,vessel_thumbs/9216482.jpg,ok,False
140,9202053,vessel_thumbs/9202053.jpg,ok,False
202,9683740,vessel_thumbs/9683740.jpg,ok,False
203,9784893,vessel_thumbs/9784893.jpg,ok,False
204,9683738,vessel_thumbs/9683738.jpg,ok,False
208,9617923,vessel_thumbs/9617923.jpg,ok,False
231,9777670,vessel_thumbs/9777670.jpg,ok,False
254,9735323,vessel_thumbs/9735323.jpg,ok,False
341,6603177,vessel_thumbs/6603177.jpg,ok,False
342,9031260,vessel_thumbs/9031260.jpg,ok,False
351,8943260,vessel_thumbs/8943260.jpg,ok,False
352,8883252,vessel_thumbs/8883252.jpg,ok,False
353,9369617,vessel_thumbs/9369617.jpg,ok,False
354,9269348,vessel_thumbs/9269348.jpg,ok,False
412,9321691,vessel_thumbs/9321691.jpg,ok,False
450,9544281,vessel_thumbs/9544281.jpg,ok,False
517,9436006,vessel_thumbs/9436006.jpg,ok,False
522,9321689,vessel_thumbs/9321689.jpg,ok,False
542,9206671,vessel_thumbs/9206671.jpg,ok,False
551,9227443,vessel_thumbs/9227443.jpg,ok,False
563,9336414,vessel_thumbs/9336414.jpg,ok,False
594,9235000,vessel_thumbs/9235000.jpg,ok,False
635,9271951,vessel_thumbs/9271951.jpg,ok,False
636,9248801,vessel_thumbs/9248801.jpg,ok,False
651,9280885,vessel_thumbs/9280885.jpg,ok,False
657,9198783,vessel_thumbs/9198783.jpg,ok,False
663,9271327,vessel_thumbs/9271327.jpg,ok,False
669,9749130,vessel_thumbs/9749130.jpg,ok,False
670,9735141,vessel_thumbs/9735141.jpg,ok,False
713,9236640,vessel_thumbs/9236640.jpg,ok,False
763,9258167,vessel_thumbs/9258167.jpg,ok,False
781,9255830,vessel_thumbs/9255830.jpg,ok,False
782,9222560,vessel_thumbs/9222560.jpg,ok,False
787,9298492,vessel_thumbs/9298492.jpg,ok,False
796,9388027,vessel_thumbs/9388027.jpg,ok,False
807,9599341,vessel_thumbs/9599341.jpg,ok,False
810,9261657,vessel_thumbs/9261657.jpg,ok,False
841,8230663,vessel_thumbs/8230663.jpg,ok,False
843,8892007,vessel_thumbs/8892007.jpg,ok,False
845,8925426,vessel_thumbs/8925426.jpg,ok,False
853,9585924,vessel_thumbs/9585924.jpg,ok,False
858,9137648,vessel_thumbs/9137648.jpg,ok,False
861,9240885,vessel_thumbs/9240885.jpg,ok,False
863,9260275,vessel_thumbs/9260275.jpg,ok,False
866,9265885,vessel_thumbs/9265885.jpg,ok,False
914,9393668,vessel_thumbs/9393668.jpg,ok,False
915,9391402,vessel_thumbs/9391402.jpg,ok,False
916,8862935,vessel_thumbs/8862935.jpg,ok,False
919,9299862,vessel_thumbs/9299862.jpg,ok,False
921,9266750,vessel_thumbs/9266750.jpg,ok,False
933,9334296,vessel_thumbs/9334296.jpg,ok,False
940,9236975,vessel_thumbs/9236975.jpg,ok,False
942,9252400,vessel_thumbs/9252400.jpg,ok,False
943,9253246,vessel_thumbs/9253246.jpg,ok,False
945,9258014,vessel_thumbs/9258014.jpg,ok,False
947,9272931,vessel_thumbs/9272931.jpg,ok,False
951,9263198,vessel_thumbs/9263198.jpg,ok,False
952,9290828,vessel_thumbs/9290828.jpg,ok,False
954,9260263,vessel_thumbs/9260263.jpg,ok,False
955,9302683,vessel_thumbs/9302683.jpg,ok,False
970,9263203,vessel_thumbs/9263203.jpg,ok,False
984,9495832,vessel_thumbs/9495832.jpg,ok,False
986,9164512,vessel_thumbs/9164512.jpg,ok,False
995,9655470,vessel_thumbs/9655470.jpg,ok,False
997,9435375,vessel_thumbs/9435375.jpg,ok,False
998,9640516,vessel_thumbs/9640516.jpg,ok,False
999,9640528,vessel_thumbs/9640528.jpg,ok,False
1003,9683726,vessel_thumbs/9683726.jpg,ok,False
1025,9599353,vessel_thumbs/9599353.jpg,ok,False
1033,9266877,vessel_thumbs/9266877.jpg,ok,False
1036,9430210,vessel_thumbs/9430210.jpg,ok,False
1047,9354636,vessel_thumbs/9354636.jpg,ok,False
1048,9377042,vessel_thumbs/9377042.jpg,ok,False
1061,9292838,vessel_thumbs/9292838.jpg,ok,False
1066,9585912,vessel_thumbs/9585912.jpg,ok,False
1069,9308132,vessel_thumbs/9308132.jpg,ok,False
1070,9306562,vessel_thumbs/9306562.jpg,ok,False
1071,8852784,vessel_thumbs/8852784.jpg,ok,False
1073,8419635,vessel_thumbs/8419635.jpg,ok,False
1074,9902196,vessel_thumbs/9902196.jpg,ok,False
1075,9875422,vessel_thumbs/9875422.jpg,ok,False
1076,8951396,vessel_thumbs/8951396.jpg,ok,False
1077,9584372,vessel_thumbs/9584372.jpg,ok,False
1082,9612923,vessel_thumbs/9612923.jpg,ok,False
1083,8943428,vessel_thumbs/8943428.jpg,ok,False
1085,9361976,vessel_thumbs/9361976.jpg,ok,False
1098,9288992,vessel_thumbs/9288992.jpg,ok,False
1119,9315745,vessel_thumbs/9315745.jpg,ok,False
1121,9621558,vessel_thumbs/9621558.jpg,ok,False
1125,9274082,vessel_thumbs/9274082.jpg,ok,False
1130,8881369,vessel_thumbs/8881369.jpg,ok,False
1133,8647751,vessel_thumbs/8647751.jpg,ok,False
1135,9942407,vessel_thumbs/9942407.jpg,ok,False
1147,9624316,vessel_thumbs/9624316.jpg,ok,False
1150,9766073,vessel_thumbs/9766073.jpg,ok,False
1151,9766085,vessel_thumbs/9766085.jpg,ok,False
1160,9321718,vessel_thumbs/9321718.jpg,ok,False
1169,9332315,vessel_thumbs/9332315.jpg,ok,False
1211,9621560,vessel_thumbs/9621560.jpg,ok,False
1213,9640499,vessel_thumbs/9640499.jpg,ok,False
1221,9263693,vessel_thumbs/9263693.jpg,ok,False
1298,9251676,vessel_thumbs/9251676.jpg,ok,False
1299,9304590,vessel_thumbs/9304590.jpg,ok,False
1300,9269350,vessel_thumbs/9269350.jpg,ok,False
1301,9264271,vessel_thumbs/9264271.jpg,ok,False
1304,9327425,vessel_thumbs/9327425.jpg,ok,False
1306,9655468,vessel_thumbs/9655468.jpg,ok,False
1307,9645982,vessel_thumbs/9645982.jpg,ok,False
1308,9637583,vessel_thumbs/9637583.jpg,ok,False
1309,9616955,vessel_thumbs/9616955.jpg,ok,False
1311,9255842,vessel_thumbs/9255842.jpg,ok,False
1328,9340116,vessel_thumbs/9340116.jpg,ok,False
1330,9384124,vessel_thumbs/9384124.jpg,ok,False
1336,9273351,vessel_thumbs/9273351.jpg,ok,False
1484,9676230,vessel_thumbs/9676230.jpg,ok,False
1577,9185530,vessel_thumbs/9185530.jpg,ok,False
1590,9403499,vessel_thumbs/9403499.jpg,ok,False
1596,8230340,vessel_thumbs/8230340.jpg,ok,False
1610,1060784,vessel_thumbs/1060784.jpg,ok,False
1611,1060796,vessel_thumbs/1060796.jpg,ok,False
1613,9300570,vessel_thumbs/9300570.jpg,ok,False
1614,9161065,vessel_thumbs/9161065.jpg,ok,False
1615,9174086,vessel_thumbs/9174086.jpg,ok,False
1616,9952361,vessel_thumbs/9952361.jpg,ok,False
1617,8935457,vessel_thumbs/8935457.jpg,ok,False
1618,9648178,vessel_thumbs/9648178.jpg,ok,False
1620,9156993,vessel_thumbs/9156993.jpg,ok,False
1633,8867210,vessel_thumbs/8867210.jpg,ok,False
1641,9517109,vessel_thumbs/9517109.jpg,ok,False
1645,8932297,vessel_thumbs/8932297.jpg,ok,False
1649,8301838,vessel_thumbs/8301838.jpg,ok,False
1650,8230560,vessel_thumbs/8230560.jpg,ok,False
1653,8744224,vessel_thumbs/8744224.jpg,ok,False
1654,9057305,vessel_thumbs/9057305.jpg,ok,False
649,9876373,,failed,False
650,9876361,,failed,False
666,9888182,vessel_thumbs/9888182.jpg,ok,False
687,9333670,vessel_thumbs/9333670.jpg,ok,False
709,9842217,,failed,False
710,9898254,,failed,False
753,9842205,,failed,False
754,9908994,,failed,False
44,9381744,vessel_thumbs/9381744.jpg,ok,False
52,9296585,vessel_thumbs/9296585.jpg,ok,False
101,9256860,vessel_thumbs/9256860.jpg,ok,False
281,9277735,vessel_thumbs/9277735.jpg,ok,False
382,9304655,vessel_thumbs/9304655.jpg,ok,False
444,9253325,vessel_thumbs/9253325.jpg,ok,False
446,9296822,vessel_thumbs/9296822.jpg,ok,False
464,9259197,vessel_thumbs/9259197.jpg,ok,False
466,9281891,vessel_thumbs/9281891.jpg,ok,False
471,9233349,vessel_thumbs/9233349.jpg,ok,False
472,9436941,vessel_thumbs/9436941.jpg,ok,False
501,9281011,vessel_thumbs/9281011.jpg,ok,False
544,9264570,vessel_thumbs/9264570.jpg,ok,False
549,9304356,vessel_thumbs/9304356.jpg,ok,False
562,9247431,vessel_thumbs/9247431.jpg,ok,False
567,9213296,vessel_thumbs/9213296.jpg,ok,False
570,9273052,vessel_thumbs/9273052.jpg,ok,False
576,9257137,vessel_thumbs/9257137.jpg,ok,False
629,9292163,vessel_thumbs/9292163.jpg,ok,False
652,9281152,vessel_thumbs/9281152.jpg,ok,False
655,9273387,vessel_thumbs/9273387.jpg,ok,False
695,9289477,vessel_thumbs/9289477.jpg,ok,False
761,9326055,vessel_thumbs/9326055.jpg,ok,False
774,9237632,vessel_thumbs/9237632.jpg,ok,False
808,9286073,vessel_thumbs/9286073.jpg,ok,False
820,9153525,vessel_thumbs/9153525.jpg,ok,False
834,9271406,vessel_thumbs/9271406.jpg,ok,False
929,9227479,vessel_thumbs/9227479.jpg,ok,False
1096,9256987,vessel_thumbs/9256987.jpg,ok,False
1103,9283801,vessel_thumbs/9283801.jpg,ok,False
1164,9248485,vessel_thumbs/9248485.jpg,ok,False
1321,9247986,vessel_thumbs/9247986.jpg,ok,False
1347,9222443,vessel_thumbs/9222443.jpg,ok,False
1374,9294240,vessel_thumbs/9294240.jpg,ok,False
1385,9304667,vessel_thumbs/9304667.jpg,ok,False
1390,9315642,vessel_thumbs/9315642.jpg,ok,False
1392,9323429,vessel_thumbs/9323429.jpg,ok,False
1394,9230880,vessel_thumbs/9230880.jpg,ok,False
1400,9409247,vessel_thumbs/9409247.jpg,ok,False
68,8700046,vessel_thumbs/8700046.jpg,ok,False
69,9481922,vessel_thumbs/9481922.jpg,ok,False
72,8700060,vessel_thumbs/8700060.jpg,ok,False
99,9220639,vessel_thumbs/9220639.jpg,ok,False
100,9256858,vessel_thumbs/9256858.jpg,ok,False
104,8730455,vessel_thumbs/8730455.jpg,ok,False
105,8305781,vessel_thumbs/8305781.jpg,ok,False
106,8922486,vessel_thumbs/8922486.jpg,ok,False
108,8502107,vessel_thumbs/8502107.jpg,ok,False
109,8603406,vessel_thumbs/8603406.jpg,ok,False
111,8618073,vessel_thumbs/8618073.jpg,ok,False
112,9279434,vessel_thumbs/9279434.jpg,ok,False
113,9109081,vessel_thumbs/9109081.jpg,ok,False
114,8928143,vessel_thumbs/8928143.jpg,ok,False
115,8904408,vessel_thumbs/8904408.jpg,ok,False
116,8904410,vessel_thumbs/8904410.jpg,ok,False
117,8904458,vessel_thumbs/8904458.jpg,ok,False
119,8904422,vessel_thumbs/8904422.jpg,ok,False
120,8904434,vessel_thumbs/8904434.jpg,ok,False
121,8904367,vessel_thumbs/8904367.jpg,ok,False
125,9240550,vessel_thumbs/9240550.jpg,ok,False
128,8931748,vessel_thumbs/8931748.jpg,ok,False
129,7236141,vessel_thumbs/7236141.jpg,ok,False
133,6703769,vessel_thumbs/6703769.jpg,ok,False
137,9255270,vessel_thumbs/9255270.jpg,ok,False
139,8711289,vessel_thumbs/8711289.jpg,ok,False
142,9086253,vessel_thumbs/9086253.jpg,ok,False
143,8821797,vessel_thumbs/8821797.jpg,ok,False
144,9014872,vessel_thumbs/9014872.jpg,ok,False
145,9081291,vessel_thumbs/9081291.jpg,ok,False
146,9081368,vessel_thumbs/9081368.jpg,ok,False
147,8821802,vessel_thumbs/8821802.jpg,ok,False
148,9081332,vessel_thumbs/9081332.jpg,ok,False
149,9347059,vessel_thumbs/9347059.jpg,ok,False
225,9116632,vessel_thumbs/9116632.jpg,ok,False
249,9025778,vessel_thumbs/9025778.jpg,ok,False
250,8523242,vessel_thumbs/8523242.jpg,ok,False
311,9955894,vessel_thumbs/9955894.jpg,ok,False
1583,9407017,vessel_thumbs/9407017.jpg,ok,False
1592,9017202,vessel_thumbs/9017202.jpg,ok,False
1612,9628104,vessel_thumbs/9628104.jpg,ok,False
1651,7729966,vessel_thumbs/7729966.jpg,ok,False
1652,7612498,vessel_thumbs/7612498.jpg,ok,False
38,9259599,vessel_thumbs/9259599.jpg,ok,False
39,9299745,vessel_thumbs/9299745.jpg,ok,False
48,9322267,vessel_thumbs/9322267.jpg,ok,False
261,9144782,vessel_thumbs/9144782.jpg,ok,False
278,9259185,vessel_thumbs/9259185.jpg,ok,False
374,9308778,vessel_thumbs/9308778.jpg,ok,False
375,9208215,vessel_thumbs/9208215.jpg,ok,False
376,9259367,vessel_thumbs/9259367.jpg,ok,False
377,9292228,vessel_thumbs/9292228.jpg,ok,False
378,9251810,vessel_thumbs/9251810.jpg,ok,False
379,9070072,vessel_thumbs/9070072.jpg,ok,False
380,9240512,vessel_thumbs/9240512.jpg,ok,False
381,9297319,vessel_thumbs/9297319.jpg,ok,False
383,9289491,vessel_thumbs/9289491.jpg,ok,False
384,9280873,vessel_thumbs/9280873.jpg,ok,False
385,9288095,vessel_thumbs/9288095.jpg,ok,False
386,9379703,vessel_thumbs/9379703.jpg,ok,False
387,9354521,vessel_thumbs/9354521.jpg,ok,False
388,9262168,vessel_thumbs/9262168.jpg,ok,False
389,9247390,vessel_thumbs/9247390.jpg,ok,False
390,9221671,vessel_thumbs/9221671.jpg,ok,False
391,9197844,vessel_thumbs/9197844.jpg,ok,False
392,9174220,vessel_thumbs/9174220.jpg,ok,False
393,9224295,vessel_thumbs/9224295.jpg,ok,False
394,9242118,vessel_thumbs/9242118.jpg,ok,False
395,9224271,vessel_thumbs/9224271.jpg,ok,False
396,9203265,vessel_thumbs/9203265.jpg,ok,False
447,9242223,vessel_thumbs/9242223.jpg,ok,False
449,9235725,vessel_thumbs/9235725.jpg,ok,False
452,9321976,vessel_thumbs/9321976.jpg,ok,False
465,9168946,vessel_thumbs/9168946.jpg,ok,False
469,9185528,vessel_thumbs/9185528.jpg,ok,False
473,9326720,vessel_thumbs/9326720.jpg,ok,False
478,9301524,vessel_thumbs/9301524.jpg,ok,False
479,9187227,vessel_thumbs/9187227.jpg,ok,False
495,9235713,vessel_thumbs/9235713.jpg,ok,False
510,9293155,vessel_thumbs/9293155.jpg,ok,False
512,9247792,vessel_thumbs/9247792.jpg,ok,False
516,9237412,vessel_thumbs/9237412.jpg,ok,False
521,9422988,vessel_thumbs/9422988.jpg,ok,False
524,9234642,vessel_thumbs/9234642.jpg,ok,False
525,9231509,vessel_thumbs/9231509.jpg,ok,False
527,9208069,vessel_thumbs/9208069.jpg,ok,False
529,9249312,vessel_thumbs/9249312.jpg,ok,False
534,9392822,vessel_thumbs/9392822.jpg,ok,False
536,9270517,vessel_thumbs/9270517.jpg,ok,False
539,9402469,vessel_thumbs/9402469.jpg,ok,False
545,9337389,vessel_thumbs/9337389.jpg,ok,False
546,9237228,vessel_thumbs/9237228.jpg,ok,False
561,9263643,vessel_thumbs/9263643.jpg,ok,False
564,9247780,vessel_thumbs/9247780.jpg,ok,False
566,9199127,vessel_thumbs/9199127.jpg,ok,False
568,9257802,vessel_thumbs/9257802.jpg,ok,False
569,9282792,vessel_thumbs/9282792.jpg,ok,False
571,9277747,vessel_thumbs/9277747.jpg,ok,False
572,9249324,vessel_thumbs/9249324.jpg,ok,False
573,9284594,vessel_thumbs/9284594.jpg,ok,False
574,9220938,vessel_thumbs/9220938.jpg,ok,False
575,9189146,vessel_thumbs/9189146.jpg,ok,False
577,9296810,vessel_thumbs/9296810.jpg,ok,False
578,9268112,vessel_thumbs/9268112.jpg,ok,False
579,9284582,vessel_thumbs/9284582.jpg,ok,False
581,9250543,vessel_thumbs/9250543.jpg,ok,False
591,9213313,vessel_thumbs/9213313.jpg,ok,False
595,9251274,vessel_thumbs/9251274.jpg,ok,False
603,9276561,vessel_thumbs/9276561.jpg,ok,False
628,9281683,vessel_thumbs/9281683.jpg,ok,False
630,9285756,vessel_thumbs/9285756.jpg,ok,False
631,9229439,vessel_thumbs/9229439.jpg,ok,False
632,9196644,vessel_thumbs/9196644.jpg,ok,False
633,9262766,vessel_thumbs/9262766.jpg,ok,False
634,9166675,vessel_thumbs/9166675.jpg,ok,False
637,9183271,vessel_thumbs/9183271.jpg,ok,False
643,9410387,vessel_thumbs/9410387.jpg,ok,False
644,9341512,vessel_thumbs/9341512.jpg,ok,False
645,9321421,vessel_thumbs/9321421.jpg,ok,False
646,9285744,vessel_thumbs/9285744.jpg,ok,False
660,9299680,vessel_thumbs/9299680.jpg,ok,False
662,9238052,vessel_thumbs/9238052.jpg,ok,False
694,9258521,vessel_thumbs/9258521.jpg,ok,False
702,9337133,vessel_thumbs/9337133.jpg,ok,False
705,9257993,vessel_thumbs/9257993.jpg,ok,False
708,9266853,vessel_thumbs/9266853.jpg,ok,False
716,9223540,vessel_thumbs/9223540.jpg,ok,False
717,9224805,vessel_thumbs/9224805.jpg,ok,False
755,9169421,vessel_thumbs/9169421.jpg,ok,False
756,9288265,vessel_thumbs/9288265.jpg,ok,False
757,9198317,vessel_thumbs/9198317.jpg,ok,False
758,9256913,vessel_thumbs/9256913.jpg,ok,False
759,9307932,vessel_thumbs/9307932.jpg,ok,False
760,9371608,vessel_thumbs/9371608.jpg,ok,False
762,9235737,vessel_thumbs/9235737.jpg,ok,False
772,9276585,vessel_thumbs/9276585.jpg,ok,False
773,9198082,vessel_thumbs/9198082.jpg,ok,False
779,9252333,vessel_thumbs/9252333.jpg,ok,False
783,9259733,vessel_thumbs/9259733.jpg,ok,False
815,9328716,vessel_thumbs/9328716.jpg,ok,False
817,9276573,vessel_thumbs/9276573.jpg,ok,False
818,9102277,vessel_thumbs/9102277.jpg,ok,False
819,9203277,vessel_thumbs/9203277.jpg,ok,False
823,9257149,vessel_thumbs/9257149.jpg,ok,False
824,9288019,vessel_thumbs/9288019.jpg,ok,False
825,9272694,vessel_thumbs/9272694.jpg,ok,False
826,9237797,vessel_thumbs/9237797.jpg,ok,False
827,9244635,vessel_thumbs/9244635.jpg,ok,False
828,9181194,vessel_thumbs/9181194.jpg,ok,False
829,9365764,vessel_thumbs/9365764.jpg,ok,False
830,9280366,vessel_thumbs/9280366.jpg,ok,False
831,9212400,vessel_thumbs/9212400.jpg,ok,False
832,9365752,vessel_thumbs/9365752.jpg,ok,False
833,9365776,vessel_thumbs/9365776.jpg,ok,False
835,9163269,vessel_thumbs/9163269.jpg,ok,False
836,9236248,vessel_thumbs/9236248.jpg,ok,False
837,9231901,vessel_thumbs/9231901.jpg,ok,False
838,9154000,vessel_thumbs/9154000.jpg,ok,False
839,9191553,vessel_thumbs/9191553.jpg,ok,False
846,9278698,vessel_thumbs/9278698.jpg,ok,False
860,9218181,vessel_thumbs/9218181.jpg,ok,False
871,9289776,vessel_thumbs/9289776.jpg,ok,False
935,9171345,vessel_thumbs/9171345.jpg,ok,False
936,9220914,vessel_thumbs/9220914.jpg,ok,False
939,9236755,vessel_thumbs/9236755.jpg,ok,False
1007,9258882,vessel_thumbs/9258882.jpg,ok,False
1038,9260067,vessel_thumbs/9260067.jpg,ok,False
1057,9198094,vessel_thumbs/9198094.jpg,ok,False
1058,9255684,vessel_thumbs/9255684.jpg,ok,False
1089,9235244,vessel_thumbs/9235244.jpg,ok,False
1090,9275660,vessel_thumbs/9275660.jpg,ok,False
1091,9263215,vessel_thumbs/9263215.jpg,ok,False
1092,9171448,vessel_thumbs/9171448.jpg,ok,False
1093,9320843,vessel_thumbs/9320843.jpg,ok,False
1095,9230971,vessel_thumbs/9230971.jpg,ok,False
1104,9265744,vessel_thumbs/9265744.jpg,ok,False
1105,9250907,vessel_thumbs/9250907.jpg,ok,False
1106,9242120,vessel_thumbs/9242120.jpg,ok,False
1108,9182291,vessel_thumbs/9182291.jpg,ok,False
1109,9171498,vessel_thumbs/9171498.jpg,ok,False
1110,9190078,vessel_thumbs/9190078.jpg,ok,False
1111,9311309,vessel_thumbs/9311309.jpg,ok,False
1112,9005338,vessel_thumbs/9005338.jpg,ok,False
1113,9221267,vessel_thumbs/9221267.jpg,ok,False
1114,9113094,vessel_thumbs/9113094.jpg,ok,False
1115,9309227,vessel_thumbs/9309227.jpg,ok,False
1161,9288875,vessel_thumbs/9288875.jpg,ok,False
1163,9264881,vessel_thumbs/9264881.jpg,ok,False
1167,9247778,vessel_thumbs/9247778.jpg,ok,False
1170,9531375,,failed,False
1173,9251640,vessel_thumbs/9251640.jpg,ok,False
1176,9255488,vessel_thumbs/9255488.jpg,ok,False
1177,9204764,vessel_thumbs/9204764.jpg,ok,False
1178,9531387,vessel_thumbs/9531387.jpg,ok,False
1179,9273337,vessel_thumbs/9273337.jpg,ok,False
1180,9127667,vessel_thumbs/9127667.jpg,ok,False
1181,9200861,vessel_thumbs/9200861.jpg,ok,False
1182,9486805,vessel_thumbs/9486805.jpg,ok,False
1196,9037123,vessel_thumbs/9037123.jpg,ok,False
1203,9306809,vessel_thumbs/9306809.jpg,ok,False
1251,9234666,vessel_thumbs/9234666.jpg,ok,False
1252,9254862,vessel_thumbs/9254862.jpg,ok,False
1253,9273260,vessel_thumbs/9273260.jpg,ok,False
1254,9299446,vessel_thumbs/9299446.jpg,ok,False
1255,9259927,vessel_thumbs/9259927.jpg,ok,False
1256,9254850,vessel_thumbs/9254850.jpg,ok,False
1257,9256248,vessel_thumbs/9256248.jpg,ok,False
1258,9174397,vessel_thumbs/9174397.jpg,ok,False
1259,9297905,vessel_thumbs/9297905.jpg,ok,False
1260,9299458,vessel_thumbs/9299458.jpg,ok,False
1261,9237008,vessel_thumbs/9237008.jpg,ok,False
1262,9256975,vessel_thumbs/9256975.jpg,ok,False
1263,9178068,vessel_thumbs/9178068.jpg,ok,False
1264,9238868,vessel_thumbs/9238868.jpg,ok,False
1265,9379698,vessel_thumbs/9379698.jpg,ok,False
1266,9268186,vessel_thumbs/9268186.jpg,ok,False
1267,9290919,vessel_thumbs/9290919.jpg,ok,False
1270,9012886,vessel_thumbs/9012886.jpg,ok,False
1273,9282106,vessel_thumbs/9282106.jpg,ok,False
1285,9041655,vessel_thumbs/9041655.jpg,ok,False
1297,9248461,vessel_thumbs/9248461.jpg,ok,False
1320,9251822,vessel_thumbs/9251822.jpg,ok,False
1355,9337195,vessel_thumbs/9337195.jpg,ok,False
1393,9171357,vessel_thumbs/9171357.jpg,ok,False
1414,9380570,vessel_thumbs/9380570.jpg,ok,False
1415,9269403,vessel_thumbs/9269403.jpg,ok,False
1480,9292187,vessel_thumbs/9292187.jpg,ok,False
1499,9286229,vessel_thumbs/9286229.jpg,ok,False
1529,9305609,vessel_thumbs/9305609.jpg,ok,False
1538,9258870,vessel_thumbs/9258870.jpg,ok,False
1546,9282522,vessel_thumbs/9282522.jpg,ok,False
1548,9260055,vessel_thumbs/9260055.jpg,ok,False
248,9690224,vessel_thumbs/9690224.jpg,ok,False
251,9735335,vessel_thumbs/9735335.jpg,ok,False
252,9690212,vessel_thumbs/9690212.jpg,ok,False
307,8915299,vessel_thumbs/8915299.jpg,ok,False
318,8877241,vessel_thumbs/8877241.jpg,ok,False
347,9210933,vessel_thumbs/9210933.jpg,ok,False
36,9621601,vessel_thumbs/9621601.jpg,ok,False
37,9327413,vessel_thumbs/9327413.jpg,ok,False
40,9381732,vessel_thumbs/9381732.jpg,ok,False
41,9410894,vessel_thumbs/9410894.jpg,ok,False
42,9410870,vessel_thumbs/9410870.jpg,ok,False
43,9249087,vessel_thumbs/9249087.jpg,ok,False
45,9274446,vessel_thumbs/9274446.jpg,ok,False
46,9274616,vessel_thumbs/9274616.jpg,ok,False
47,9314818,vessel_thumbs/9314818.jpg,ok,False
49,9412995,vessel_thumbs/9412995.jpg,ok,False
50,9322827,vessel_thumbs/9322827.jpg,ok,False
51,9301615,vessel_thumbs/9301615.jpg,ok,False
53,9323338,vessel_thumbs/9323338.jpg,ok,False
138,9183831,vessel_thumbs/9183831.jpg,ok,False
154,9610793,vessel_thumbs/9610793.jpg,ok,False
155,9413559,vessel_thumbs/9413559.jpg,ok,False
156,9339313,vessel_thumbs/9339313.jpg,ok,False
157,9341093,vessel_thumbs/9341093.jpg,ok,False
158,9610808,vessel_thumbs/9610808.jpg,ok,False
159,9411020,vessel_thumbs/9411020.jpg,ok,False
160,9341067,vessel_thumbs/9341067.jpg,ok,False
161,9312884,vessel_thumbs/9312884.jpg,ok,False
162,9249128,vessel_thumbs/9249128.jpg,ok,False
163,9256054,vessel_thumbs/9256054.jpg,ok,False
164,9256078,vessel_thumbs/9256078.jpg,ok,False
165,9270529,vessel_thumbs/9270529.jpg,ok,False
166,9312896,vessel_thumbs/9312896.jpg,ok,False
167,9412359,vessel_thumbs/9412359.jpg,ok,False
183,9258002,vessel_thumbs/9258002.jpg,ok,False
184,9256066,vessel_thumbs/9256066.jpg,ok,False
185,9306782,vessel_thumbs/9306782.jpg,ok,False
215,9610810,vessel_thumbs/9610810.jpg,ok,False
216,9299719,vessel_thumbs/9299719.jpg,ok,False
217,9322839,vessel_thumbs/9322839.jpg,ok,False
221,9421960,vessel_thumbs/9421960.jpg,ok,False
223,9339301,vessel_thumbs/9339301.jpg,ok,False
253,8943155,vessel_thumbs/8943155.jpg,ok,False
259,9394935,vessel_thumbs/9394935.jpg,ok,False
260,9289520,vessel_thumbs/9289520.jpg,ok,False
262,9339325,vessel_thumbs/9339325.jpg,ok,False
263,9826902,vessel_thumbs/9826902.jpg,ok,False
264,9511533,vessel_thumbs/9511533.jpg,ok,False
265,9288899,vessel_thumbs/9288899.jpg,ok,False
266,9286657,vessel_thumbs/9286657.jpg,ok,False
267,9296391,vessel_thumbs/9296391.jpg,ok,False
268,9333436,vessel_thumbs/9333436.jpg,ok,False
269,9333424,vessel_thumbs/9333424.jpg,ok,False
270,9354313,vessel_thumbs/9354313.jpg,ok,False
271,9339337,vessel_thumbs/9339337.jpg,ok,False
272,9306794,vessel_thumbs/9306794.jpg,ok,False
273,9292204,vessel_thumbs/9292204.jpg,ok,False
274,9353113,vessel_thumbs/9353113.jpg,ok,False
275,9402471,vessel_thumbs/9402471.jpg,ok,False
276,9318553,vessel_thumbs/9318553.jpg,ok,False
277,9318541,vessel_thumbs/9318541.jpg,ok,False
279,9331141,vessel_thumbs/9331141.jpg,ok,False
280,9331153,vessel_thumbs/9331153.jpg,ok,False
302,9374868,vessel_thumbs/9374868.jpg,ok,False
327,9610781,vessel_thumbs/9610781.jpg,ok,False
328,9341079,vessel_thumbs/9341079.jpg,ok,False
329,9316127,vessel_thumbs/9316127.jpg,ok,False
330,9311622,vessel_thumbs/9311622.jpg,ok,False
331,9305568,vessel_thumbs/9305568.jpg,ok,False
332,9413561,vessel_thumbs/9413561.jpg,ok,False
333,9412347,vessel_thumbs/9412347.jpg,ok,False
334,9511387,vessel_thumbs/9511387.jpg,ok,False
335,9418494,vessel_thumbs/9418494.jpg,ok,False
336,9341081,vessel_thumbs/9341081.jpg,ok,False
355,9228801,vessel_thumbs/9228801.jpg,ok,False
397,9412335,vessel_thumbs/9412335.jpg,ok,False
398,9413573,vessel_thumbs/9413573.jpg,ok,False
399,9511521,vessel_thumbs/9511521.jpg,ok,False
400,9413547,vessel_thumbs/9413547.jpg,ok,False
401,9299692,vessel_thumbs/9299692.jpg,ok,False
402,9422457,vessel_thumbs/9422457.jpg,ok,False
403,9421972,vessel_thumbs/9421972.jpg,ok,False
404,9522324,vessel_thumbs/9522324.jpg,ok,False
405,9285859,vessel_thumbs/9285859.jpg,ok,False
406,9288710,vessel_thumbs/9288710.jpg,ok,False
407,9285835,vessel_thumbs/9285835.jpg,ok,False
408,9288708,vessel_thumbs/9288708.jpg,ok,False
409,9299898,vessel_thumbs/9299898.jpg,ok,False
410,9288722,vessel_thumbs/9288722.jpg,ok,False
411,9332810,vessel_thumbs/9332810.jpg,ok,False
413,9317949,vessel_thumbs/9317949.jpg,ok,False
414,9299733,vessel_thumbs/9299733.jpg,ok,False
419,9271585,vessel_thumbs/9271585.jpg,ok,False
420,9321706,vessel_thumbs/9321706.jpg,ok,False
421,9319870,vessel_thumbs/9319870.jpg,ok,False
422,9297371,vessel_thumbs/9297371.jpg,ok,False
423,9843560,vessel_thumbs/9843560.jpg,ok,False
424,9304825,vessel_thumbs/9304825.jpg,ok,False
425,9354301,vessel_thumbs/9354301.jpg,ok,False
426,9224441,vessel_thumbs/9224441.jpg,ok,False
427,9290335,vessel_thumbs/9290335.jpg,ok,False
428,9319882,vessel_thumbs/9319882.jpg,ok,False
429,9310525,vessel_thumbs/9310525.jpg,ok,False
430,9345623,vessel_thumbs/9345623.jpg,ok,False
431,9288746,vessel_thumbs/9288746.jpg,ok,False
432,9257022,vessel_thumbs/9257022.jpg,ok,False
433,9288693,vessel_thumbs/9288693.jpg,ok,False
434,9296406,vessel_thumbs/9296406.jpg,ok,False
435,9318539,vessel_thumbs/9318539.jpg,ok,False
436,9332834,vessel_thumbs/9332834.jpg,ok,False
437,9368223,vessel_thumbs/9368223.jpg,ok,False
438,9337901,vessel_thumbs/9337901.jpg,ok,False
445,9250892,vessel_thumbs/9250892.jpg,ok,False
448,9290309,vessel_thumbs/9290309.jpg,ok,False
451,9314088,vessel_thumbs/9314088.jpg,ok,False
453,9247883,vessel_thumbs/9247883.jpg,ok,False
454,9233741,vessel_thumbs/9233741.jpg,ok,False
455,9194995,vessel_thumbs/9194995.jpg,ok,False
456,9258868,vessel_thumbs/9258868.jpg,ok,False
457,9283289,vessel_thumbs/9283289.jpg,ok,False
458,9388780,vessel_thumbs/9388780.jpg,ok,False
459,9319674,vessel_thumbs/9319674.jpg,ok,False
460,9332781,vessel_thumbs/9332781.jpg,ok,False
461,9387255,vessel_thumbs/9387255.jpg,ok,False
462,9388742,vessel_thumbs/9388742.jpg,ok,False
463,9319686,vessel_thumbs/9319686.jpg,ok,False
467,9224465,vessel_thumbs/9224465.jpg,ok,False
468,9416422,vessel_thumbs/9416422.jpg,ok,False
470,9311531,vessel_thumbs/9311531.jpg,ok,False
474,9422445,vessel_thumbs/9422445.jpg,ok,False
475,9229374,vessel_thumbs/9229374.jpg,ok,False
476,9408205,vessel_thumbs/9408205.jpg,ok,False
477,9291250,vessel_thumbs/9291250.jpg,ok,False
480,9314105,vessel_thumbs/9314105.jpg,ok,False
481,9224283,vessel_thumbs/9224283.jpg,ok,False
482,9253894,vessel_thumbs/9253894.jpg,ok,False
483,9236004,vessel_thumbs/9236004.jpg,ok,False
484,9274434,vessel_thumbs/9274434.jpg,ok,False
485,9408695,vessel_thumbs/9408695.jpg,ok,False
486,9315654,vessel_thumbs/9315654.jpg,ok,False
487,9260823,vessel_thumbs/9260823.jpg,ok,False
488,9589750,vessel_thumbs/9589750.jpg,ok,False
489,9524463,vessel_thumbs/9524463.jpg,ok,False
490,9513139,vessel_thumbs/9513139.jpg,ok,False
491,9299666,vessel_thumbs/9299666.jpg,ok,False
492,9418482,vessel_thumbs/9418482.jpg,ok,False
493,9282493,vessel_thumbs/9282493.jpg,ok,False
494,9346720,vessel_thumbs/9346720.jpg,ok,False
496,9297357,vessel_thumbs/9297357.jpg,ok,False
497,9321847,vessel_thumbs/9321847.jpg,ok,False
498,9274800,vessel_thumbs/9274800.jpg,ok,False
499,9388792,vessel_thumbs/9388792.jpg,ok,False
500,9265756,vessel_thumbs/9265756.jpg,ok,False
502,9288851,vessel_thumbs/9288851.jpg,ok,False
503,9338905,vessel_thumbs/9338905.jpg,ok,False
504,9346744,vessel_thumbs/9346744.jpg,ok,False
505,9388766,vessel_thumbs/9388766.jpg,ok,False
506,9434890,vessel_thumbs/9434890.jpg,ok,False
507,9378620,vessel_thumbs/9378620.jpg,ok,False
508,9253076,vessel_thumbs/9253076.jpg,ok,False
509,9257814,vessel_thumbs/9257814.jpg,ok,False
511,9336426,vessel_thumbs/9336426.jpg,ok,False
513,9183295,vessel_thumbs/9183295.jpg,ok,False
514,9404948,vessel_thumbs/9404948.jpg,ok,False
515,9293002,vessel_thumbs/9293002.jpg,ok,False
518,9832547,vessel_thumbs/9832547.jpg,ok,False
519,9832559,vessel_thumbs/9832559.jpg,ok,False
520,9250531,vessel_thumbs/9250531.jpg,ok,False
523,9207027,vessel_thumbs/9207027.jpg,ok,False
526,9308077,vessel_thumbs/9308077.jpg,ok,False
528,9308065,vessel_thumbs/9308065.jpg,ok,False
530,9194983,vessel_thumbs/9194983.jpg,ok,False
531,9293117,vessel_thumbs/9293117.jpg,ok,False
532,9232931,vessel_thumbs/9232931.jpg,ok,False
533,9378632,vessel_thumbs/9378632.jpg,ok,False
535,9248849,vessel_thumbs/9248849.jpg,ok,False
537,9319703,vessel_thumbs/9319703.jpg,ok,False
538,9389679,vessel_thumbs/9389679.jpg,ok,False
540,9419137,vessel_thumbs/9419137.jpg,ok,False
541,9388754,vessel_thumbs/9388754.jpg,ok,False
543,9288734,vessel_thumbs/9288734.jpg,ok,False
547,9205067,vessel_thumbs/9205067.jpg,ok,False
548,9417464,vessel_thumbs/9417464.jpg,ok,False
550,9301392,vessel_thumbs/9301392.jpg,ok,False
552,9326718,vessel_thumbs/9326718.jpg,ok,False
553,9255660,vessel_thumbs/9255660.jpg,ok,False
554,9283291,vessel_thumbs/9283291.jpg,ok,False
555,9292503,vessel_thumbs/9292503.jpg,ok,False
556,9323986,vessel_thumbs/9323986.jpg,ok,False
557,9383950,vessel_thumbs/9383950.jpg,ok,False
558,9299769,vessel_thumbs/9299769.jpg,ok,False
559,9524451,vessel_thumbs/9524451.jpg,ok,False
560,9530917,vessel_thumbs/9530917.jpg,ok,False
565,9236353,vessel_thumbs/9236353.jpg,ok,False
580,9282481,vessel_thumbs/9282481.jpg,ok,False
582,9232888,vessel_thumbs/9232888.jpg,ok,False
583,9249130,vessel_thumbs/9249130.jpg,ok,False
584,9353096,vessel_thumbs/9353096.jpg,ok,False
585,9289752,vessel_thumbs/9289752.jpg,ok,False
586,9299721,vessel_thumbs/9299721.jpg,ok,False
587,9314167,vessel_thumbs/9314167.jpg,ok,False
592,9252955,vessel_thumbs/9252955.jpg,ok,False
593,9282508,vessel_thumbs/9282508.jpg,ok,False
596,9299707,vessel_thumbs/9299707.jpg,ok,False
597,9306627,vessel_thumbs/9306627.jpg,ok,False
598,9436018,vessel_thumbs/9436018.jpg,ok,False
600,9308833,vessel_thumbs/9308833.jpg,ok,False
602,9255672,vessel_thumbs/9255672.jpg,ok,False
604,9348479,vessel_thumbs/9348479.jpg,ok,False
605,9409259,vessel_thumbs/9409259.jpg,ok,False
606,9282479,vessel_thumbs/9282479.jpg,ok,False
607,9299771,vessel_thumbs/9299771.jpg,ok,False
608,9332822,vessel_thumbs/9332822.jpg,ok,False
609,9323376,vessel_thumbs/9323376.jpg,ok,False
610,9131357,vessel_thumbs/9131357.jpg,ok,False
611,9577082,vessel_thumbs/9577082.jpg,ok,False
612,9308857,vessel_thumbs/9308857.jpg,ok,False
613,9302970,vessel_thumbs/9302970.jpg,ok,False
614,9292981,vessel_thumbs/9292981.jpg,ok,False
615,9577094,vessel_thumbs/9577094.jpg,ok,False
616,9291262,vessel_thumbs/9291262.jpg,ok,False
617,9292979,vessel_thumbs/9292979.jpg,ok,False
618,9386536,vessel_thumbs/9386536.jpg,ok,False
620,9297345,vessel_thumbs/9297345.jpg,ok,False
621,9262924,vessel_thumbs/9262924.jpg,ok,False
622,9842188,vessel_thumbs/9842188.jpg,ok,False
623,9866392,vessel_thumbs/9866392.jpg,ok,False
624,9276030,vessel_thumbs/9276030.jpg,ok,False
625,9327372,vessel_thumbs/9327372.jpg,ok,False
626,9382798,vessel_thumbs/9382798.jpg,ok,False
627,9866380,vessel_thumbs/9866380.jpg,ok,False
638,9329760,vessel_thumbs/9329760.jpg,ok,False
639,9297888,vessel_thumbs/9297888.jpg,ok,False
640,9503304,vessel_thumbs/9503304.jpg,ok,False
647,9842190,vessel_thumbs/9842190.jpg,ok,False
653,9650016,vessel_thumbs/9650016.jpg,ok,False
654,9397547,vessel_thumbs/9397547.jpg,ok,False
656,9233765,vessel_thumbs/9233765.jpg,ok,False
658,9283241,vessel_thumbs/9283241.jpg,ok,False
661,9411331,vessel_thumbs/9411331.jpg,ok,False
664,9299903,vessel_thumbs/9299903.jpg,ok,False
665,9385142,vessel_thumbs/9385142.jpg,ok,False
671,9749154,vessel_thumbs/9749154.jpg,ok,False
672,9360130,vessel_thumbs/9360130.jpg,ok,False
673,9360128,vessel_thumbs/9360128.jpg,ok,False
674,9301419,vessel_thumbs/9301419.jpg,ok,False
676,9211999,vessel_thumbs/9211999.jpg,ok,False
677,9212008,vessel_thumbs/9212008.jpg,ok,False
678,9901025,vessel_thumbs/9901025.jpg,ok,False
679,9901037,vessel_thumbs/9901037.jpg,ok,False
680,9346732,vessel_thumbs/9346732.jpg,ok,False
681,9397559,vessel_thumbs/9397559.jpg,ok,False
683,9397535,vessel_thumbs/9397535.jpg,ok,False
684,9876359,,failed,False
685,9333682,vessel_thumbs/9333682.jpg,ok,False
686,9837547,vessel_thumbs/9837547.jpg,ok,False
688,9322956,vessel_thumbs/9322956.jpg,ok,False
689,9309576,vessel_thumbs/9309576.jpg,ok,False
690,9301380,vessel_thumbs/9301380.jpg,ok,False
692,9301421,vessel_thumbs/9301421.jpg,ok,False
693,9301407,vessel_thumbs/9301407.jpg,ok,False
696,9313149,vessel_thumbs/9313149.jpg,ok,False
697,9590137,vessel_thumbs/9590137.jpg,ok,False
698,9537109,vessel_thumbs/9537109.jpg,ok,False
699,9419448,vessel_thumbs/9419448.jpg,ok,False
700,9312872,vessel_thumbs/9312872.jpg,ok,False
701,9322968,vessel_thumbs/9322968.jpg,ok,False
704,9231212,vessel_thumbs/9231212.jpg,ok,False
706,9315446,vessel_thumbs/9315446.jpg,ok,False
711,9286463,vessel_thumbs/9286463.jpg,ok,False
712,9418509,vessel_thumbs/9418509.jpg,ok,False
718,9276028,vessel_thumbs/9276028.jpg,ok,False
719,9409467,vessel_thumbs/9409467.jpg,ok,False
720,9329655,vessel_thumbs/9329655.jpg,ok,False
733,9378618,vessel_thumbs/9378618.jpg,ok,False
734,9285847,vessel_thumbs/9285847.jpg,ok,False
736,9350654,vessel_thumbs/9350654.jpg,ok,False
738,9309588,vessel_thumbs/9309588.jpg,ok,False
739,9292060,vessel_thumbs/9292060.jpg,ok,False
740,9292058,vessel_thumbs/9292058.jpg,ok,False
742,9292034,vessel_thumbs/9292034.jpg,ok,False
743,9344033,vessel_thumbs/9344033.jpg,ok,False
744,9422653,vessel_thumbs/9422653.jpg,ok,False
745,9196620,vessel_thumbs/9196620.jpg,ok,False
746,9384306,vessel_thumbs/9384306.jpg,ok,False
747,9885879,vessel_thumbs/9885879.jpg,ok,False
748,9372547,vessel_thumbs/9372547.jpg,ok,False
750,9842176,vessel_thumbs/9842176.jpg,ok,False
764,9292046,vessel_thumbs/9292046.jpg,ok,False
765,9329667,vessel_thumbs/9329667.jpg,ok,False
766,9333400,vessel_thumbs/9333400.jpg,ok,False
767,9333412,vessel_thumbs/9333412.jpg,ok,False
768,9294123,vessel_thumbs/9294123.jpg,ok,False
775,9402732,vessel_thumbs/9402732.jpg,ok,False
777,9330604,vessel_thumbs/9330604.jpg,ok,False
778,9353125,vessel_thumbs/9353125.jpg,ok,False
780,9290323,vessel_thumbs/9290323.jpg,ok,False
784,9308443,vessel_thumbs/9308443.jpg,ok,False
785,9282041,vessel_thumbs/9282041.jpg,ok,False
786,9294331,vessel_thumbs/9294331.jpg,ok,False
788,9318022,vessel_thumbs/9318022.jpg,ok,False
789,9321677,vessel_thumbs/9321677.jpg,ok,False
790,9328170,vessel_thumbs/9328170.jpg,ok,False
791,9332171,vessel_thumbs/9332171.jpg,ok,False
792,9332614,vessel_thumbs/9332614.jpg,ok,False
793,9336490,vessel_thumbs/9336490.jpg,ok,False
794,9379301,vessel_thumbs/9379301.jpg,ok,False
795,9387279,vessel_thumbs/9387279.jpg,ok,False
797,9390587,vessel_thumbs/9390587.jpg,ok,False
798,9400980,vessel_thumbs/9400980.jpg,ok,False
799,9413004,vessel_thumbs/9413004.jpg,ok,False
800,9433016,vessel_thumbs/9433016.jpg,ok,False
801,9258026,vessel_thumbs/9258026.jpg,ok,False
802,9209972,vessel_thumbs/9209972.jpg,ok,False
803,9307815,vessel_thumbs/9307815.jpg,ok,False
804,9266475,vessel_thumbs/9266475.jpg,ok,False
805,9368235,vessel_thumbs/9368235.jpg,ok,False
806,9384459,vessel_thumbs/9384459.jpg,ok,False
809,9326885,vessel_thumbs/9326885.jpg,ok,False
811,9264283,vessel_thumbs/9264283.jpg,ok,False
812,9290517,vessel_thumbs/9290517.jpg,ok,False
813,9352195,vessel_thumbs/9352195.jpg,ok,False
814,9234501,vessel_thumbs/9234501.jpg,ok,False
840,9290921,vessel_thumbs/9290921.jpg,ok,False
842,8727915,vessel_thumbs/8727915.jpg,ok,False
844,8925414,vessel_thumbs/8925414.jpg,ok,False
849,9329758,vessel_thumbs/9329758.jpg,ok,False
850,9330599,vessel_thumbs/9330599.jpg,ok,False
851,9384992,vessel_thumbs/9384992.jpg,ok,False
852,9311751,vessel_thumbs/9311751.jpg,ok,False
854,9323314,vessel_thumbs/9323314.jpg,ok,False
855,9313498,vessel_thumbs/9313498.jpg,ok,False
857,9105140,vessel_thumbs/9105140.jpg,ok,False
859,9208124,vessel_thumbs/9208124.jpg,ok,False
862,9259745,vessel_thumbs/9259745.jpg,ok,False
864,9261619,vessel_thumbs/9261619.jpg,ok,False
865,9265873,vessel_thumbs/9265873.jpg,ok,False
867,9278064,vessel_thumbs/9278064.jpg,ok,False
868,9284726,vessel_thumbs/9284726.jpg,ok,False
869,9289518,vessel_thumbs/9289518.jpg,ok,False
870,9289532,vessel_thumbs/9289532.jpg,ok,False
872,9296597,vessel_thumbs/9296597.jpg,ok,False
873,9420617,vessel_thumbs/9420617.jpg,ok,False
874,9308821,vessel_thumbs/9308821.jpg,ok,False
875,9439400,vessel_thumbs/9439400.jpg,ok,False
876,9810513,vessel_thumbs/9810513.jpg,ok,False
877,9288954,vessel_thumbs/9288954.jpg,ok,False
878,9325831,vessel_thumbs/9325831.jpg,ok,False
879,9323596,vessel_thumbs/9323596.jpg,ok,False
894,9297369,vessel_thumbs/9297369.jpg,ok,False
895,9247443,vessel_thumbs/9247443.jpg,ok,False
896,9253234,vessel_thumbs/9253234.jpg,ok,False
897,9314882,vessel_thumbs/9314882.jpg,ok,False
898,9318034,vessel_thumbs/9318034.jpg,ok,False
899,9299123,vessel_thumbs/9299123.jpg,ok,False
900,9315757,vessel_thumbs/9315757.jpg,ok,False
901,9251456,vessel_thumbs/9251456.jpg,ok,False
902,9326861,vessel_thumbs/9326861.jpg,ok,False
903,9446427,vessel_thumbs/9446427.jpg,ok,False
905,9380673,vessel_thumbs/9380673.jpg,ok,False
906,9399480,vessel_thumbs/9399480.jpg,ok,False
907,9327396,vessel_thumbs/9327396.jpg,ok,False
908,9297199,vessel_thumbs/9297199.jpg,ok,False
909,9460576,vessel_thumbs/9460576.jpg,ok,False
910,9334557,vessel_thumbs/9334557.jpg,ok,False
911,9779941,vessel_thumbs/9779941.jpg,ok,False
912,9488011,vessel_thumbs/9488011.jpg,ok,False
913,9289738,vessel_thumbs/9289738.jpg,ok,False
917,9250737,vessel_thumbs/9250737.jpg,ok,False
918,9416551,vessel_thumbs/9416551.jpg,ok,False
920,9314894,vessel_thumbs/9314894.jpg,ok,False
924,9035541,vessel_thumbs/9035541.jpg,ok,False
925,9105114,vessel_thumbs/9105114.jpg,ok,False
926,9161871,vessel_thumbs/9161871.jpg,ok,False
927,9171175,vessel_thumbs/9171175.jpg,ok,False
928,9220926,vessel_thumbs/9220926.jpg,ok,False
930,9231767,vessel_thumbs/9231767.jpg,ok,False
931,9232929,vessel_thumbs/9232929.jpg,ok,False
932,9337327,vessel_thumbs/9337327.jpg,ok,False
934,9167150,vessel_thumbs/9167150.jpg,ok,False
937,9198290,vessel_thumbs/9198290.jpg,ok,False
938,9228784,vessel_thumbs/9228784.jpg,ok,False
941,9247508,vessel_thumbs/9247508.jpg,ok,False
944,9255282,vessel_thumbs/9255282.jpg,ok,False
946,9273246,vessel_thumbs/9273246.jpg,ok,False
948,9293997,vessel_thumbs/9293997.jpg,ok,False
949,9252967,vessel_thumbs/9252967.jpg,ok,False
950,9263186,vessel_thumbs/9263186.jpg,ok,False
953,9441958,vessel_thumbs/9441958.jpg,ok,False
956,9266762,vessel_thumbs/9266762.jpg,ok,False
957,9267027,vessel_thumbs/9267027.jpg,ok,False
958,9269245,vessel_thumbs/9269245.jpg,ok,False
959,9391414,vessel_thumbs/9391414.jpg,ok,False
960,9286059,vessel_thumbs/9286059.jpg,ok,False
962,9273088,vessel_thumbs/9273088.jpg,ok,False
963,9274666,vessel_thumbs/9274666.jpg,ok,False
965,9292591,vessel_thumbs/9292591.jpg,ok,False
966,9293337,vessel_thumbs/9293337.jpg,ok,False
967,9293959,vessel_thumbs/9293959.jpg,ok,False
968,9299496,vessel_thumbs/9299496.jpg,ok,False
971,9248796,vessel_thumbs/9248796.jpg,ok,False
972,9405057,vessel_thumbs/9405057.jpg,ok,False
973,9360415,vessel_thumbs/9360415.jpg,ok,False
975,9288930,vessel_thumbs/9288930.jpg,ok,False
976,9346873,vessel_thumbs/9346873.jpg,ok,False
977,9282986,vessel_thumbs/9282986.jpg,ok,False
978,9299173,vessel_thumbs/9299173.jpg,ok,False
979,9275763,vessel_thumbs/9275763.jpg,ok,False
980,9151890,vessel_thumbs/9151890.jpg,ok,False
981,8821761,vessel_thumbs/8821761.jpg,ok,False
982,9299161,vessel_thumbs/9299161.jpg,ok,False
983,9327360,vessel_thumbs/9327360.jpg,ok,False
985,9163764,vessel_thumbs/9163764.jpg,ok,False
987,9056571,vessel_thumbs/9056571.jpg,ok,False
988,8700096,vessel_thumbs/8700096.jpg,ok,False
989,9175078,vessel_thumbs/9175078.jpg,ok,False
990,9428358,vessel_thumbs/9428358.jpg,ok,False
991,9299886,vessel_thumbs/9299886.jpg,ok,False
992,9379052,vessel_thumbs/9379052.jpg,ok,False
993,9308170,vessel_thumbs/9308170.jpg,ok,False
996,9435363,vessel_thumbs/9435363.jpg,ok,False
1004,9283306,vessel_thumbs/9283306.jpg,ok,False
1005,9437983,vessel_thumbs/9437983.jpg,ok,False
1006,9424651,vessel_thumbs/9424651.jpg,ok,False
1008,9259991,vessel_thumbs/9259991.jpg,ok,False
1009,9384447,vessel_thumbs/9384447.jpg,ok,False
1010,9255244,vessel_thumbs/9255244.jpg,ok,False
1011,9288863,vessel_thumbs/9288863.jpg,ok,False
1012,9292589,vessel_thumbs/9292589.jpg,ok,False
1013,9273442,vessel_thumbs/9273442.jpg,ok,False
1014,9286023,vessel_thumbs/9286023.jpg,ok,False
1015,9310707,vessel_thumbs/9310707.jpg,ok,False
1016,9332028,vessel_thumbs/9332028.jpg,ok,False
1017,9142916,vessel_thumbs/9142916.jpg,ok,False
1018,9087714,vessel_thumbs/9087714.jpg,ok,False
1019,9395379,vessel_thumbs/9395379.jpg,ok,False
1020,9330472,vessel_thumbs/9330472.jpg,ok,False
1021,9270749,vessel_thumbs/9270749.jpg,ok,False
1022,9384435,vessel_thumbs/9384435.jpg,ok,False
1023,9277759,vessel_thumbs/9277759.jpg,ok,False
1024,9323974,vessel_thumbs/9323974.jpg,ok,False
1026,9419151,vessel_thumbs/9419151.jpg,ok,False
1027,9335094,vessel_thumbs/9335094.jpg,ok,False
1028,9550682,vessel_thumbs/9550682.jpg,ok,False
1029,8808525,vessel_thumbs/8808525.jpg,ok,False
1030,9384095,vessel_thumbs/9384095.jpg,ok,False
1031,9253313,vessel_thumbs/9253313.jpg,ok,False
1032,9292577,vessel_thumbs/9292577.jpg,ok,False
1034,9253909,vessel_thumbs/9253909.jpg,ok,False
1035,9459242,vessel_thumbs/9459242.jpg,ok,False
1037,9384069,vessel_thumbs/9384069.jpg,ok,False
1039,9377779,vessel_thumbs/9377779.jpg,ok,False
1040,9383869,vessel_thumbs/9383869.jpg,ok,False
1041,9286281,vessel_thumbs/9286281.jpg,ok,False
1042,9113276,vessel_thumbs/9113276.jpg,ok,False
1043,9435337,vessel_thumbs/9435337.jpg,ok,False
1044,8867129,vessel_thumbs/8867129.jpg,ok,False
1045,8231057,vessel_thumbs/8231057.jpg,ok,False
1046,9637961,vessel_thumbs/9637961.jpg,ok,False
1049,9645011,vessel_thumbs/9645011.jpg,ok,False
1050,9299678,vessel_thumbs/9299678.jpg,ok,False
1051,9308950,vessel_thumbs/9308950.jpg,ok,False
1052,9389100,vessel_thumbs/9389100.jpg,ok,False
1053,9408530,vessel_thumbs/9408530.jpg,ok,False
1054,9297553,vessel_thumbs/9297553.jpg,ok,False
1055,9281009,vessel_thumbs/9281009.jpg,ok,False
1056,9266865,vessel_thumbs/9266865.jpg,ok,False
1060,9385831,vessel_thumbs/9385831.jpg,ok,False
1062,9166314,vessel_thumbs/9166314.jpg,ok,False
1063,9304629,vessel_thumbs/9304629.jpg,ok,False
1064,9284116,vessel_thumbs/9284116.jpg,ok,False
1065,9397676,vessel_thumbs/9397676.jpg,ok,False
1067,9298595,vessel_thumbs/9298595.jpg,ok,False
1068,9299874,vessel_thumbs/9299874.jpg,ok,False
1078,9448968,vessel_thumbs/9448968.jpg,ok,False
1079,8894536,vessel_thumbs/8894536.jpg,ok,False
1097,8727941,vessel_thumbs/8727941.jpg,ok,False
1118,9309007,vessel_thumbs/9309007.jpg,ok,False
1120,9374416,vessel_thumbs/9374416.jpg,ok,False
1123,9397456,vessel_thumbs/9397456.jpg,ok,False
1124,9314179,vessel_thumbs/9314179.jpg,ok,False
1126,9408542,vessel_thumbs/9408542.jpg,ok,False
1144,9247376,vessel_thumbs/9247376.jpg,ok,False
1145,9389095,vessel_thumbs/9389095.jpg,ok,False
1146,9247429,vessel_thumbs/9247429.jpg,ok,False
1148,9236016,vessel_thumbs/9236016.jpg,ok,False
1149,9256028,vessel_thumbs/9256028.jpg,ok,False
1152,9276597,vessel_thumbs/9276597.jpg,ok,False
1156,9382073,vessel_thumbs/9382073.jpg,ok,False
1159,9327384,vessel_thumbs/9327384.jpg,ok,False
1171,9439541,vessel_thumbs/9439541.jpg,ok,False
1172,9335123,vessel_thumbs/9335123.jpg,ok,False
1174,9564671,vessel_thumbs/9564671.jpg,ok,False
1175,9325611,vessel_thumbs/9325611.jpg,ok,False
1183,9439383,vessel_thumbs/9439383.jpg,ok,False
1184,9311610,vessel_thumbs/9311610.jpg,ok,False
1185,9472634,vessel_thumbs/9472634.jpg,ok,False
1186,9460564,vessel_thumbs/9460564.jpg,ok,False
1187,9419450,vessel_thumbs/9419450.jpg,ok,False
1188,9296377,vessel_thumbs/9296377.jpg,ok,False
1189,9408190,vessel_thumbs/9408190.jpg,ok,False
1190,9439539,vessel_thumbs/9439539.jpg,ok,False
1191,9436020,vessel_thumbs/9436020.jpg,ok,False
1192,9297541,vessel_thumbs/9297541.jpg,ok,False
1193,9412452,vessel_thumbs/9412452.jpg,ok,False
1194,9384564,vessel_thumbs/9384564.jpg,ok,False
1195,9358412,vessel_thumbs/9358412.jpg,ok,False
1197,9389071,vessel_thumbs/9389071.jpg,ok,False
1198,9389083,vessel_thumbs/9389083.jpg,ok,False
1199,9402328,vessel_thumbs/9402328.jpg,ok,False
1200,9337341,vessel_thumbs/9337341.jpg,ok,False
1201,9233777,vessel_thumbs/9233777.jpg,ok,False
1202,9274525,vessel_thumbs/9274525.jpg,ok,False
1204,9236743,vessel_thumbs/9236743.jpg,ok,False
1205,9334789,vessel_thumbs/9334789.jpg,ok,False
1206,9260483,vessel_thumbs/9260483.jpg,ok,False
1207,9820776,vessel_thumbs/9820776.jpg,ok,False
1208,9621596,vessel_thumbs/9621596.jpg,ok,False
1209,9640530,vessel_thumbs/9640530.jpg,ok,False
1210,9577123,vessel_thumbs/9577123.jpg,ok,False
1212,9224439,vessel_thumbs/9224439.jpg,ok,False
1214,9645061,vessel_thumbs/9645061.jpg,ok,False
1215,9382712,vessel_thumbs/9382712.jpg,ok,False
1216,9323326,vessel_thumbs/9323326.jpg,ok,False
1217,9292199,vessel_thumbs/9292199.jpg,ok,False
1218,9867621,vessel_thumbs/9867621.jpg,ok,False
1219,9290373,vessel_thumbs/9290373.jpg,ok,False
1220,9314820,vessel_thumbs/9314820.jpg,ok,False
1222,9323340,vessel_thumbs/9323340.jpg,ok,False
1223,9336517,vessel_thumbs/9336517.jpg,ok,False
1224,9498171,vessel_thumbs/9498171.jpg,ok,False
1225,9194012,vessel_thumbs/9194012.jpg,ok,False
1226,9083184,vessel_thumbs/9083184.jpg,ok,False
1227,8414477,vessel_thumbs/8414477.jpg,ok,False
1228,9390317,vessel_thumbs/9390317.jpg,ok,False
1229,9321562,vessel_thumbs/9321562.jpg,ok,False
1230,8920579,vessel_thumbs/8920579.jpg,ok,False
1231,9036284,vessel_thumbs/9036284.jpg,ok,False
1232,8915550,vessel_thumbs/8915550.jpg,ok,False
1233,8010427,vessel_thumbs/8010427.jpg,ok,False
1234,9297149,vessel_thumbs/9297149.jpg,ok,False
1235,8918540,vessel_thumbs/8918540.jpg,ok,False
1236,8920581,vessel_thumbs/8920581.jpg,ok,False
1237,8915548,vessel_thumbs/8915548.jpg,ok,False
1238,9321172,vessel_thumbs/9321172.jpg,ok,False
1239,9164718,vessel_thumbs/9164718.jpg,ok,False
1240,8724779,vessel_thumbs/8724779.jpg,ok,False
1241,9438406,vessel_thumbs/9438406.jpg,ok,False
1242,9396763,vessel_thumbs/9396763.jpg,ok,False
1243,9301902,vessel_thumbs/9301902.jpg,ok,False
1244,9432048,vessel_thumbs/9432048.jpg,ok,False
1245,9629926,vessel_thumbs/9629926.jpg,ok,False
1246,9667928,vessel_thumbs/9667928.jpg,ok,False
1248,9380051,vessel_thumbs/9380051.jpg,ok,False
1288,9347308,vessel_thumbs/9347308.jpg,ok,False
1290,9323364,vessel_thumbs/9323364.jpg,ok,False
1291,9261401,vessel_thumbs/9261401.jpg,ok,False
1292,9299135,vessel_thumbs/9299135.jpg,ok,False
1295,9183843,vessel_thumbs/9183843.jpg,ok,False
1296,9234680,vessel_thumbs/9234680.jpg,ok,False
1302,9306639,vessel_thumbs/9306639.jpg,ok,False
1303,9295048,vessel_thumbs/9295048.jpg,ok,False
1305,9253777,vessel_thumbs/9253777.jpg,ok,False
1310,1024950,vessel_thumbs/1024950.jpg,ok,False
1312,9254240,vessel_thumbs/9254240.jpg,ok,False
1313,9279719,vessel_thumbs/9279719.jpg,ok,False
1314,9282558,vessel_thumbs/9282558.jpg,ok,False
1315,9292515,vessel_thumbs/9292515.jpg,ok,False
1316,9288368,vessel_thumbs/9288368.jpg,ok,False
1317,9315769,vessel_thumbs/9315769.jpg,ok,False
1318,9792187,vessel_thumbs/9792187.jpg,ok,False
1329,9356763,vessel_thumbs/9356763.jpg,ok,False
1331,9412000,vessel_thumbs/9412000.jpg,ok,False
1332,9282297,vessel_thumbs/9282297.jpg,ok,False
1333,9248447,vessel_thumbs/9248447.jpg,ok,False
1334,9309980,vessel_thumbs/9309980.jpg,ok,False
1335,9243320,vessel_thumbs/9243320.jpg,ok,False
1378,9430272,vessel_thumbs/9430272.jpg,ok,False
1380,9258478,vessel_thumbs/9258478.jpg,ok,False
1381,9211896,vessel_thumbs/9211896.jpg,ok,False
1382,9186625,vessel_thumbs/9186625.jpg,ok,False
1387,9285823,vessel_thumbs/9285823.jpg,ok,False
1445,9592305,vessel_thumbs/9592305.jpg,ok,False
1446,9633458,vessel_thumbs/9633458.jpg,ok,False
1460,9923994,vessel_thumbs/9923994.jpg,ok,False
1464,9826720,vessel_thumbs/9826720.jpg,ok,False
1467,9412036,vessel_thumbs/9412036.jpg,ok,False
1471,9430181,vessel_thumbs/9430181.jpg,ok,False
1472,9437684,vessel_thumbs/9437684.jpg,ok,False
1478,9408554,vessel_thumbs/9408554.jpg,ok,False
1479,9270555,vessel_thumbs/9270555.jpg,ok,False
1481,9290397,vessel_thumbs/9290397.jpg,ok,False
1482,9343986,vessel_thumbs/9343986.jpg,ok,False
1483,9305556,vessel_thumbs/9305556.jpg,ok,False
1485,9290385,vessel_thumbs/9290385.jpg,ok,False
1486,9337418,vessel_thumbs/9337418.jpg,ok,False
1487,9333785,vessel_thumbs/9333785.jpg,ok,False
1503,9301029,vessel_thumbs/9301029.jpg,ok,False
1507,9249178,vessel_thumbs/9249178.jpg,ok,False
1518,9388807,vessel_thumbs/9388807.jpg,ok,False
1519,9388730,vessel_thumbs/9388730.jpg,ok,False
1525,9312846,vessel_thumbs/9312846.jpg,ok,False
1537,9282912,vessel_thumbs/9282912.jpg,ok,False
1554,9318084,vessel_thumbs/9318084.jpg,ok,False
1555,9296418,vessel_thumbs/9296418.jpg,ok,False
1556,9380893,vessel_thumbs/9380893.jpg,ok,False
1564,9346859,vessel_thumbs/9346859.jpg,ok,False
1569,9290361,vessel_thumbs/9290361.jpg,ok,False
1578,9307152,vessel_thumbs/9307152.jpg,ok,False
1579,9252371,vessel_thumbs/9252371.jpg,ok,False
1626,9540364,vessel_thumbs/9540364.jpg,ok,False
292,9256602,vessel_thumbs/9256602.jpg,ok,False
293,9216298,vessel_thumbs/9216298.jpg,ok,False
296,9953523,vessel_thumbs/9953523.jpg,ok,False
297,9243148,vessel_thumbs/9243148.jpg,ok,False
298,9953509,vessel_thumbs/9953509.jpg,ok,False
299,9953511,vessel_thumbs/9953511.jpg,ok,False
300,9953535,vessel_thumbs/9953535.jpg,ok,False
309,9864837,vessel_thumbs/9864837.jpg,ok,False
356,9849887,vessel_thumbs/9849887.jpg,ok,False
363,9737187,vessel_thumbs/9737187.jpg,ok,False
416,9630004,vessel_thumbs/9630004.jpg,ok,False
691,9630028,vessel_thumbs/9630028.jpg,ok,False
1000,9958303,vessel_thumbs/9958303.jpg,ok,False
1001,9958315,vessel_thumbs/9958315.jpg,ok,False
1002,9958298,vessel_thumbs/9958298.jpg,ok,False
1289,9655456,vessel_thumbs/9655456.jpg,ok,False
1293,9637507,vessel_thumbs/9637507.jpg,ok,False
1294,9637492,vessel_thumbs/9637492.jpg,ok,False
1475,9247194,vessel_thumbs/9247194.jpg,ok,False
1476,9307205,vessel_thumbs/9307205.jpg,ok,False
323,7812945,vessel_thumbs/7812945.jpg,ok,False
