imo,name,n_photos,status
9577123,NORTHERNLIGHT,0,no_commons_match
9650016,RN SAKHALIN,0,no_commons_match
9866392,VOSTOCHNY PROSPECT,0,no_commons_match
9866380,OKEANSKY PROSPECT,0,no_commons_match
9346720,KIRA K,0,no_commons_match
9247792,,0,no_commons_match
9388766,,0,all_failed
9375575,SINO FAITH,0,no_commons_match
9319686,HU PO               ,0,no_commons_match
9404948,,0,search_err_JSONDecodeError
9328132,SINO PROSPERITY,0,search_err_JSONDecodeError
9346744,MA JIN              ,0,search_err_JSONDecodeError
9350850,SINO SOURCE,0,search_err_JSONDecodeError
9321172,SEA OWL I,0,search_err_JSONDecodeError
9292589,,0,search_err_JSONDecodeError
9290323,LADY LOUISE,0,search_err_JSONDecodeError
9397456,HANNA,0,search_err_JSONDecodeError
9301902,CERS,0,search_err_JSONDecodeError
9296406,,0,search_err_JSONDecodeError
9396763,AUTAN,0,search_err_JSONDecodeError
9345623,,0,search_err_JSONDecodeError
9292515,BREEZE III,0,search_err_JSONDecodeError
9436020,CENTURION I,0,search_err_JSONDecodeError
9297541,DOVE,0,search_err_JSONDecodeError
9389071,TANGO 2,0,search_err_JSONDecodeError
9460564,BALU 6,0,search_err_JSONDecodeError
9438406,MIGJORN,0,search_err_JSONDecodeError
9472634,AURA 1,0,search_err_JSONDecodeError
9389083,TIGER 6,0,search_err_JSONDecodeError
9380051,GRACE LEON,0,search_err_JSONDecodeError
9356763,OCEAN WAVE I,0,search_err_JSONDecodeError
9413004,HORAE,0,search_err_JSONDecodeError
9236004,KATIUSKA            ,0,search_err_JSONDecodeError
9208069,STELLAR BEVERLY     ,0,search_err_JSONDecodeError
9419450,JEWEL,0,search_err_JSONDecodeError
9779941,SHUSHA,0,search_err_JSONDecodeError
9810513,KARABAKH,0,search_err_JSONDecodeError
9420617,ZANGAZUR,0,search_err_JSONDecodeError
9867621,KHANKENDI,0,search_err_JSONDecodeError
9341079,CAMEL,0,search_err_JSONDecodeError
9310525,QENDIL,0,search_err_JSONDecodeError
9750701,VLADIMIR RUSANOV,0,search_err_JSONDecodeError
9750660,NIKOLAY URVANTSEV,0,search_err_JSONDecodeError
9253909,JAMES II,0,search_err_JSONDecodeError
9290921,,0,search_err_JSONDecodeError
9284726,,0,search_err_JSONDecodeError
9270517,,0,search_err_JSONDecodeError
9273088,OKYROE,0,search_err_JSONDecodeError
9327384,LYCIA KA,0,search_err_JSONDecodeError
9923994,DINO,0,search_err_JSONDecodeError
9356751,SEA RAPTOR,0,search_err_JSONDecodeError
9374868,,0,search_err_JSONDecodeError
9206671,,0,search_err_JSONDecodeError
9395379,FORTIS,0,search_err_JSONDecodeError
9348493,GAUJA,0,search_err_JSONDecodeError
9388742,SURYA,0,search_err_JSONDecodeError
9299733,,0,all_failed
9378620,,0,no_commons_match
9293002,JAGUAR,0,no_commons_match
9338905,SHAANXI             ,0,no_commons_match
9308132,,0,no_commons_match
9323986,GARASAN,0,no_commons_match
9319882,,0,all_failed
9826720,ALEXANDER,0,search_err_JSONDecodeError
9326861,DUKE OF PEACE,0,search_err_JSONDecodeError
9293959,,0,search_err_JSONDecodeError
9297369,URSUS ARCTOS,0,search_err_JSONDecodeError
9297345,URSUS MARITIMUS,0,search_err_JSONDecodeError
9309007,NORDIC,0,search_err_JSONDecodeError
9408695,,0,search_err_JSONDecodeError
9288368,ANNA MARIA P,0,search_err_JSONDecodeError
9629926,GRACE ROMAVICTOR,0,search_err_JSONDecodeError
9269257,LARA,0,search_err_JSONDecodeError
9273351,ETERNAL,0,search_err_JSONDecodeError
9330472,THORIN,0,search_err_JSONDecodeError
9266865,BIVOLA,0,search_err_JSONDecodeError
9255672,LEBRE,0,search_err_JSONDecodeError
9257802,FURIA,0,search_err_JSONDecodeError
9380673,CENTURION,0,search_err_JSONDecodeError
9308833,KUSTO,0,search_err_JSONDecodeError
9424651,MANTA,0,search_err_JSONDecodeError
9296597,PROMETEI,0,search_err_JSONDecodeError
9437983,CAI YUN,0,search_err_JSONDecodeError
9308821,BERRA,0,search_err_JSONDecodeError
9308857,RYMO,0,search_err_JSONDecodeError
9232888,AILANA,0,search_err_JSONDecodeError
9250892,MIKATI              ,0,search_err_JSONDecodeError
9227443,ARLAN               ,0,search_err_JSONDecodeError
9459242,FELIKS,0,search_err_JSONDecodeError
9265885,,0,search_err_JSONDecodeError
9385831,LERUO,0,search_err_JSONDecodeError
9260823,,0,search_err_JSONDecodeError
9292838,LISTIGA,0,search_err_JSONDecodeError
9326718,,0,search_err_JSONDecodeError
9262924,UTAKI,0,search_err_JSONDecodeError
9253076,REUS,0,search_err_JSONDecodeError
9266877,PIERRE,0,search_err_JSONDecodeError
9229374,ODUNE,0,search_err_JSONDecodeError
9248849,SILVERA             ,0,search_err_JSONDecodeError
9330604,NACHOS,0,search_err_JSONDecodeError
9299771,MIRES,0,search_err_JSONDecodeError
9207027,,0,search_err_JSONDecodeError
9301524,,0,search_err_JSONDecodeError
9137648,CARUZO,0,search_err_JSONDecodeError
9265873,KAMELOT,0,search_err_JSONDecodeError
9247376,MARIEL,0,search_err_JSONDecodeError
9286281,SAMADHA,0,search_err_JSONDecodeError
